{
  "best_model": "XGB",
  "f1_score": 0.7456375557459531,
  "accuracy": 0.7582417582417582,
  "auc": 0.8312453609465742
}