{
  "best_model": "XGB",
  "f1_score": 0.7209006318318059,
  "accuracy": 0.7692307692307693,
  "auc": 0.8195719674059859
}