Model,Recall,Specificity,F1-Weighted,AUC,Accuracy
LR,0.6098901098901099,0.8606043960709968,0.6386562555851201,0.6984277018016596,0.6098901098901099
DT,0.6483516483516484,0.8676716665968648,0.6742632203193327,0.709276988757107,0.6483516483516484
RF,0.7582417582417582,0.8562014383770246,0.7187849834075531,0.7986584019743573,0.7582417582417582
XGB,0.7692307692307693,0.8519682027814202,0.7209006318318059,0.8195719674059859,0.7692307692307693
SVM,0.7032967032967032,0.8605923548714671,0.6904388429213856,0.6955696568924281,0.7032967032967034
