Model,Macro_Recall,Macro_F1,Macro_G_mean,Macro_AUC
LR,0.3657785888077859,0.30578279373765016,0.5242140819964709,0.745946870271297
DT,0.39931873479318736,0.36979521317716746,0.5558120929700012,0.6817591102190024
RF,0.4018613138686131,0.3948969737724902,0.4580530125568799,0.8334940129528243
XGB,0.3731143552311435,0.3613189928979402,0.37181846151138764,0.8234598601799485
SVM,0.38726277372262774,0.35050632688463673,0.46493655352455543,0.752864098486317
