{
  "best_model": "XGB",
  "f1_score": 0.7718801345174972,
  "accuracy": 0.7967032967032966,
  "auc": 0.8469539263749821
}