Model,Train_Accuracy,Train_Recall,Train_F1,Test_Accuracy,Test_Recall,Test_F1
LR,0.4811849479583667,0.4811849479583667,0.47142637588338077,0.6428571428571429,0.6428571428571429,0.6673014021738023
DT,0.7269815852682145,0.7269815852682145,0.7276116485078555,0.6813186813186813,0.6813186813186813,0.7165984516256748
RF,0.7646116893514812,0.7646116893514812,0.762195386228099,0.7417582417582418,0.7417582417582418,0.7561029863089157
XGB,0.7934347477982386,0.7934347477982386,0.7919722346774267,0.7527472527472527,0.7527472527472527,0.7610069390453186
SVM,0.7069655724579663,0.7069655724579663,0.7057506363344148,0.6703296703296703,0.6703296703296703,0.6984531707768828
