{
  "best_model": "RF",
  "f1_score": 0.7598319008008826,
  "accuracy": 0.7472527472527473,
  "auc": 0.8178803970897757
}