{
  "best_model": "RF",
  "f1_score": 0.792980701914142,
  "accuracy": 0.7747252747252747,
  "auc": 0.872404687540176
}